{
  "header": {
    "logo": {
      "src": "https://uicdn.toast.com/toastui/img/tui-component-bi-white.png"
    },
    "title": {
      "text": "Date",
      "linkUrl": "https://github.com/nhn/toast-ui.date"
    },
    "version": true
  },
  "footer": [
    {
      "title": "NHN",
      "linkUrl": "https://github.com/nhn"
    },
    {
      "title": "FE Development Lab",
      "linkUrl": "https://ui.toast.com/"
    }
  ],
  "main": {
    "filePath": "README.md"
  },
  "api": {
    "filePath": ["src/js/**"],
    "permalink": {
      "repository": "https://github.com/nhn/tui.calendar",
      "ref": "master"
    }
  },
  "examples": {
    "filePath": "examples",
    "titles": {
      "example01-basic": "1. Basic",
      "example02-theme": "2. Theme",
      "example03-custom-events": "3. Custom events"
    },
    "globalErrorLogVariable": "errorLogs"
  },
  "pathPrefix": "toast-ui.date"
}
